IsCrawled,CrawlDepthLevel,IsWordcloudGenerated,SiteUrl
FALSE,0,FALSE,http://www.eclipse.org/paho/
FALSE,0,FALSE,https://www.eclipse.org/smarthome/
FALSE,0,FALSE,http://projects.eclipse.org/projects/iot.milo
FALSE,0,FALSE,https://www.eclipse.org/mosquitto
FALSE,0,FALSE,https://www.eclipse.org/californium/
FALSE,0,FALSE,https://www.eclipse.org/ditto
FALSE,0,FALSE,https://eclipse.org/leshan
FALSE,0,FALSE,https://www.eclipse.org/hawkbit/
FALSE,0,FALSE,https://www.eclipse.org/kura/
FALSE,0,FALSE,http://www.eclipse.org/om2m
FALSE,0,FALSE,http://eclipse.org/ponte
FALSE,0,FALSE,http://www.eclipse.org/eclipsescada/
FALSE,0,FALSE,https://www.eclipse.org/concierge/
FALSE,0,FALSE,https://www.eclipse.org/wakaama/
FALSE,0,FALSE,http://projects.eclipse.org/projects/iot.paho.incubator
FALSE,0,FALSE,https://www.eclipse.org/vorto
FALSE,0,FALSE,http://www.eclipse.org/4diac
FALSE,0,FALSE,http://projects.eclipse.org/projects/iot.tinydtls
FALSE,0,FALSE,https://www.eclipse.org/hono
FALSE,0,FALSE,https://www.eclipse.org/kapua/
FALSE,0,FALSE,http://projects.eclipse.org/projects/iot.ignite
FALSE,0,FALSE,http://www.eclipse.org/unide
FALSE,0,FALSE,http://projects.eclipse.org/projects/iot.iofog
FALSE,0,FALSE,http://agile-iot.eu
FALSE,0,FALSE,http://projects.eclipse.org/projects/iot.keti
FALSE,0,FALSE,http://projects.eclipse.org/projects/iot.duttile
FALSE,0,FALSE,http://eclipse.org/kuksa
FALSE,0,FALSE,http://projects.eclipse.org/projects/iot.kuksa
FALSE,0,FALSE,http://projects.eclipse.org/projects/iot.cyclonedds
FALSE,0,FALSE,http://projects.eclipse.org/projects/iot.thingweb
FALSE,0,FALSE,http://projects.eclipse.org/projects/iot.mita
FALSE,0,FALSE,http://www.eclipse.org/hip
FALSE,0,FALSE,http://projects.eclipse.org/projects/iot.fog05
FALSE,0,FALSE,http://projects.eclipse.org/projects/iot.tahu
FALSE,0,FALSE,http://projects.eclipse.org/projects/iot.volttron
FALSE,0,FALSE,http://projects.eclipse.org/projects/iot.keyple
FALSE,0,FALSE,http://projects.eclipse.org/projects/iot.yasham
